date,kwh,minutes
2006-12-16,20.153,396
2006-12-17,56.508,1440
2006-12-18,36.73,1440
2006-12-19,27.77,1440
2006-12-20,37.096,1440
2006-12-21,28.61,1438
2006-12-22,39.022,1440
2006-12-23,79.556,1440
2006-12-24,42.5,1440
2006-12-25,45.719,1440
2006-12-26,65.568,1440
2006-12-27,25.479,1440
2006-12-28,34.544,1440
2006-12-29,52.907,1440
2006-12-30,46.488,1438
2006-12-31,58.237,1440
2007-01-01,45.817,1440
2007-01-02,21.154,1440
2007-01-03,16.901,1440
2007-01-04,54.324,1440
2007-01-05,45.223,1440
2007-01-06,25.14,1440
2007-01-07,40.794,1440
2007-01-08,37.356,1440
2007-01-09,31.151,1440
2007-01-10,35.913,1440
2007-01-11,37.587,1440
2007-01-12,24.355,1440
2007-01-13,53.114,1440
2007-01-14,50.13,1439
2007-01-15,35.811,1440
2007-01-16,28.107,1440
2007-01-17,47.461,1440
2007-01-18,30.358,1440
2007-01-19,24.674,1440
2007-01-20,52.229,1440
2007-01-21,56.788,1440
2007-01-22,36.342,1440
2007-01-23,29.627,1440
2007-01-24,49.798,1440
2007-01-25,26.606,1440
2007-01-26,26.966,1440
2007-01-27,34.068,1440
2007-01-28,51.503,1439
2007-01-29,33.044,1440
2007-01-30,28.463,1440
2007-01-31,39.396,1440
2007-02-01,30.413,1440
2007-02-02,27.796,1440
2007-02-03,67.162,1440
2007-02-04,59.932,1440
2007-02-05,27.421,1440
2007-02-06,21.225,1440
2007-02-07,38.8,1440
2007-02-08,30.024,1440
2007-02-09,27.003,1440
2007-02-10,47.155,1440
2007-02-11,59.52,1440
2007-02-12,31.294,1440
2007-02-13,23.576,1440
2007-02-14,41.645,1440
2007-02-15,33.089,1440
2007-02-16,28.375,1440
2007-02-17,34.615,1440
2007-02-18,63.829,1440
2007-02-19,36.444,1440
2007-02-20,52.499,1440
2007-02-21,34.548,1440
2007-02-22,56.158,1438
2007-02-23,21.891,1440
2007-02-24,11.915,1440
2007-02-25,8.362,1440
2007-02-26,9.475,1440
2007-02-27,8.635,1440
2007-02-28,8.68,1440
2007-03-01,8.626,1440
2007-03-02,8.595,1440
2007-03-03,13.652,1440
2007-03-04,34.845,1440
2007-03-05,44.339,1440
2007-03-06,20.775,1440
2007-03-07,39.587,1440
2007-03-08,26.202,1440
2007-03-09,21.21,1440
2007-03-10,41.412,1440
2007-03-11,58.011,1440
2007-03-12,32.511,1440
2007-03-13,21.502,1440
2007-03-14,29.889,1440
2007-03-15,31.414,1440
2007-03-16,28.368,1440
2007-03-17,33.802,1440
2007-03-18,39.517,1440
2007-03-19,35.875,1440
2007-03-20,34.77,1440
2007-03-21,35.702,1440
2007-03-22,24.25,1440
2007-03-23,21.817,1440
2007-03-24,49.474,1440
2007-03-25,55.602,1439
2007-03-26,23.601,1440
2007-03-27,18.419,1440
2007-03-28,38.898,1440
2007-03-29,26.507,1440
2007-03-30,23.373,1440
2007-03-31,58.492,1440
2007-04-01,46.433,1440
2007-04-02,32.68,1440
2007-04-03,27.38,1440
2007-04-04,34.198,1440
2007-04-05,30.735,1440
2007-04-06,26.686,1440
2007-04-07,25.899,1440
2007-04-08,26.814,1440
2007-04-09,16.682,1440
2007-04-10,12.956,1440
2007-04-11,14.791,1440
2007-04-12,8.962,1440
2007-04-13,9.184,1440
2007-04-14,9.238,1440
2007-04-15,12.103,1440
2007-04-16,15.873,1440
2007-04-17,20.396,1440
2007-04-18,16.637,1440
2007-04-19,17.144,1440
2007-04-20,13.71,1440
2007-04-21,27.894,1440
2007-04-22,37.229,1440
2007-04-23,17.576,1440
2007-04-24,17.202,1440
2007-04-25,21.069,1440
2007-04-26,21.258,1440
2007-04-27,18.239,1440
2007-04-28,0.379,21
2007-04-29,0.0,0
2007-04-30,7.014,576
2007-05-01,27.731,1440
2007-05-02,16.725,1440
2007-05-03,18.171,1440
2007-05-04,16.635,1440
2007-05-05,26.051,1440
2007-05-06,35.035,1440
2007-05-07,27.394,1440
2007-05-08,29.822,1440
2007-05-09,27.762,1440
2007-05-10,11.798,1440
2007-05-11,16.319,1440
2007-05-12,24.026,1440
2007-05-13,27.246,1440
2007-05-14,24.463,1440
2007-05-15,15.073,1440
2007-05-16,28.216,1440
2007-05-17,20.53,1440
2007-05-18,27.192,1440
2007-05-19,23.824,1440
2007-05-20,32.805,1440
2007-05-21,18.668,1440
2007-05-22,18.881,1440
2007-05-23,24.416,1440
2007-05-24,19.24,1440
2007-05-25,26.904,1440
2007-05-26,25.204,1440
2007-05-27,35.897,1440
2007-05-28,27.291,1440
2007-05-29,17.689,1440
2007-05-30,26.831,1440
2007-05-31,15.642,1440
2007-06-01,17.415,1439
2007-06-02,24.739,1440
2007-06-03,35.134,1440
2007-06-04,15.194,1440
2007-06-05,24.315,1440
2007-06-06,28.227,1439
2007-06-07,16.417,1440
2007-06-08,35.801,1440
2007-06-09,17.664,1402
2007-06-10,22.347,1440
2007-06-11,13.244,1440
2007-06-12,15.313,1440
2007-06-13,15.455,1440
2007-06-14,20.985,1440
2007-06-15,16.493,1440
2007-06-16,33.629,1440
2007-06-17,32.452,1440
2007-06-18,11.308,1440
2007-06-19,14.039,1438
2007-06-20,17.905,1440
2007-06-21,13.449,1440
2007-06-22,9.438,1440
2007-06-23,7.959,1440
2007-06-24,11.911,1440
2007-06-25,17.87,1440
2007-06-26,15.748,1440
2007-06-27,24.68,1440
2007-06-28,21.591,1440
2007-06-29,21.737,1439
2007-06-30,22.255,1440
2007-07-01,17.111,1440
2007-07-02,16.117,1440
2007-07-03,17.665,1440
2007-07-04,16.724,1440
2007-07-05,17.622,1440
2007-07-06,17.825,1440
2007-07-07,22.637,1440
2007-07-08,18.151,1440
2007-07-09,19.669,1440
2007-07-10,15.139,1440
2007-07-11,12.039,1440
2007-07-12,17.826,1440
2007-07-13,13.24,1440
2007-07-14,21.47,1440
2007-07-15,15.284,1310
2007-07-16,14.228,1440
2007-07-17,11.994,1440
2007-07-18,12.618,1440
2007-07-19,11.298,1440
2007-07-20,18.507,1440
2007-07-21,17.671,1440
2007-07-22,22.93,1439
2007-07-23,16.517,1440
2007-07-24,13.755,1440
2007-07-25,7.876,1440
2007-07-26,15.408,1440
2007-07-27,20.042,1440
2007-07-28,27.031,1440
2007-07-29,5.352,1440
2007-07-30,7.78,1440
2007-07-31,13.539,1440
2007-08-01,17.672,1419
2007-08-02,16.99,1440
2007-08-03,17.723,1440
2007-08-04,19.083,1440
2007-08-05,13.118,1440
2007-08-06,18.162,1440
2007-08-07,24.726,1440
2007-08-08,18.758,1440
2007-08-09,17.861,1440
2007-08-10,17.134,1440
2007-08-11,18.194,1440
2007-08-12,20.698,1440
2007-08-13,19.217,1440
2007-08-14,15.686,1440
2007-08-15,19.864,1440
2007-08-16,15.975,1440
2007-08-17,16.832,1440
2007-08-18,5.799,1440
2007-08-19,23.705,1440
2007-08-20,22.314,1440
2007-08-21,10.709,1440
2007-08-22,20.163,1440
2007-08-23,18.539,1440
2007-08-24,27.604,1439
2007-08-25,19.181,1440
2007-08-26,21.915,1440
2007-08-27,20.196,1440
2007-08-28,16.617,1440
2007-08-29,12.467,1440
2007-08-30,20.041,1440
2007-08-31,21.33,1440
2007-09-01,28.358,1440
2007-09-02,27.708,1440
2007-09-03,17.315,1440
2007-09-04,26.416,1440
2007-09-05,20.61,1440
2007-09-06,15.025,1440
2007-09-07,22.275,1440
2007-09-08,24.496,1440
2007-09-09,27.992,1440
2007-09-10,18.623,1440
2007-09-11,16.393,1440
2007-09-12,21.463,1440
2007-09-13,19.106,1440
2007-09-14,18.924,1440
2007-09-15,18.255,1440
2007-09-16,27.537,1440
2007-09-17,24.353,1440
2007-09-18,19.459,1440
2007-09-19,21.645,1440
2007-09-20,20.926,1440
2007-09-21,20.646,1440
2007-09-22,19.603,1440
2007-09-23,23.633,1440
2007-09-24,22.576,1440
2007-09-25,29.406,1440
2007-09-26,30.371,1438
2007-09-27,23.21,1440
2007-09-28,28.008,1440
2007-09-29,38.275,1440
2007-09-30,25.272,1440
2007-10-01,28.682,1440
2007-10-02,36.648,1440
2007-10-03,21.341,1440
2007-10-04,25.308,1440
2007-10-05,23.235,1440
2007-10-06,29.271,1440
2007-10-07,35.102,1440
2007-10-08,18.254,1440
2007-10-09,28.131,1440
2007-10-10,19.45,1440
2007-10-11,28.874,1440
2007-10-12,31.908,1440
2007-10-13,32.112,1440
2007-10-14,34.354,1440
2007-10-15,21.106,1440
2007-10-16,32.741,1440
2007-10-17,26.282,1440
2007-10-18,25.309,1440
2007-10-19,34.761,1440
2007-10-20,27.671,1440
2007-10-21,32.366,1440
2007-10-22,27.548,1440
2007-10-23,32.577,1438
2007-10-24,31.094,1440
2007-10-25,30.899,1440
2007-10-26,23.959,1440
2007-10-27,29.761,1440
2007-10-28,8.536,1440
2007-10-29,9.09,1440
2007-10-30,13.517,1440
2007-10-31,21.387,1440
2007-11-01,8.27,1440
2007-11-02,24.06,1440
2007-11-03,8.209,1440
2007-11-04,24.761,1440
2007-11-05,25.01,1440
2007-11-06,34.706,1440
2007-11-07,30.746,1440
2007-11-08,25.018,1440
2007-11-09,36.187,1440
2007-11-10,43.527,1440
2007-11-11,31.452,1440
2007-11-12,35.936,1440
2007-11-13,36.907,1440
2007-11-14,34.133,1440
2007-11-15,24.866,1440
2007-11-16,38.496,1440
2007-11-17,43.502,1440
2007-11-18,36.398,1440
2007-11-19,28.728,1440
2007-11-20,34.931,1440
2007-11-21,29.197,1439
2007-11-22,32.206,1440
2007-11-23,42.044,1440
2007-11-24,31.651,1440
2007-11-25,23.26,1440
2007-11-26,26.162,1440
2007-11-27,46.684,1440
2007-11-28,27.416,1440
2007-11-29,28.654,1439
2007-11-30,38.862,1440
2007-12-01,52.249,1440
2007-12-02,49.103,1440
2007-12-03,29.368,1440
2007-12-04,34.461,1440
2007-12-05,35.885,1440
2007-12-06,41.466,1440
2007-12-07,29.484,1440
2007-12-08,36.89,1440
2007-12-09,37.91,1440
2007-12-10,29.313,1440
2007-12-11,38.418,1440
2007-12-12,26.468,1440
2007-12-13,30.796,1440
2007-12-14,32.913,1440
2007-12-15,45.615,1440
2007-12-16,46.037,1440
2007-12-17,29.951,1439
2007-12-18,43.72,1440
2007-12-19,36.601,1440
2007-12-20,32.496,1440
2007-12-21,33.043,1440
2007-12-22,43.521,1440
2007-12-23,40.151,1440
2007-12-24,37.631,1440
2007-12-25,44.916,1440
2007-12-26,43.005,1440
2007-12-27,42.203,1440
2007-12-28,51.884,1440
2007-12-29,54.983,1440
2007-12-30,42.649,1440
2007-12-31,36.942,1440
2008-01-01,45.996,1440
2008-01-02,27.402,1440
2008-01-03,25.168,1440
2008-01-04,38.198,1440
2008-01-05,36.387,1440
2008-01-06,30.42,1440
2008-01-07,28.264,1440
2008-01-08,34.059,1440
2008-01-09,29.807,1440
2008-01-10,31.568,1440
2008-01-11,28.43,1440
2008-01-12,47.857,1440
2008-01-13,48.028,1439
2008-01-14,33.749,1440
2008-01-15,44.782,1440
2008-01-16,35.598,1440
2008-01-17,26.205,1440
2008-01-18,36.45,1440
2008-01-19,33.005,1440
2008-01-20,29.006,1440
2008-01-21,30.983,1440
2008-01-22,38.75,1440
2008-01-23,31.372,1440
2008-01-24,27.417,1440
2008-01-25,37.331,1440
2008-01-26,47.25,1440
2008-01-27,39.696,1440
2008-01-28,38.47,1440
2008-01-29,44.6,1440
2008-01-30,27.344,1440
2008-01-31,32.565,1440
2008-02-01,25.578,1440
2008-02-02,48.934,1439
2008-02-03,34.743,1440
2008-02-04,27.136,1440
2008-02-05,41.208,1440
2008-02-06,27.826,1440
2008-02-07,25.305,1440
2008-02-08,32.509,1440
2008-02-09,35.038,1440
2008-02-10,36.412,1440
2008-02-11,28.2,1440
2008-02-12,33.13,1440
2008-02-13,31.675,1440
2008-02-14,26.744,1440
2008-02-15,33.42,1440
2008-02-16,39.116,1440
2008-02-17,32.223,1440
2008-02-18,25.24,1440
2008-02-19,35.449,1440
2008-02-20,37.563,1440
2008-02-21,27.231,1440
2008-02-22,28.876,1440
2008-02-23,30.566,1438
2008-02-24,21.05,1440
2008-02-25,8.408,1440
2008-02-26,8.452,1440
2008-02-27,9.445,1440
2008-02-28,8.486,1440
2008-02-29,22.222,1440
2008-03-01,19.031,1440
2008-03-02,19.37,1440
2008-03-03,17.342,1440
2008-03-04,27.816,1440
2008-03-05,33.953,1440
2008-03-06,41.72,1440
2008-03-07,31.049,1440
2008-03-08,37.478,1440
2008-03-09,26.008,1440
2008-03-10,26.978,1440
2008-03-11,36.667,1440
2008-03-12,29.571,1440
2008-03-13,27.925,1440
2008-03-14,36.837,1440
2008-03-15,26.272,1440
2008-03-16,30.033,1440
2008-03-17,28.449,1440
2008-03-18,31.959,1440
2008-03-19,21.807,1440
2008-03-20,20.888,1440
2008-03-21,34.441,1440
2008-03-22,34.225,1440
2008-03-23,38.766,1440
2008-03-24,32.911,1439
2008-03-25,33.598,1440
2008-03-26,27.225,1440
2008-03-27,22.847,1440
2008-03-28,31.424,1440
2008-03-29,41.186,1440
2008-03-30,35.773,1440
2008-03-31,22.96,1440
2008-04-01,35.484,1440
2008-04-02,28.195,1440
2008-04-03,18.813,1440
2008-04-04,27.199,1440
2008-04-05,32.846,1440
2008-04-06,28.272,1440
2008-04-07,25.647,1440
2008-04-08,44.292,1440
2008-04-09,20.314,1440
2008-04-10,24.629,1440
2008-04-11,31.294,1440
2008-04-12,46.667,1440
2008-04-13,37.216,1440
2008-04-14,26.493,1440
2008-04-15,27.84,1440
2008-04-16,24.818,1440
2008-04-17,23.264,1440
2008-04-18,31.04,1440
2008-04-19,37.562,1440
2008-04-20,29.857,1440
2008-04-21,19.403,1440
2008-04-22,27.128,1440
2008-04-23,22.622,1440
2008-04-24,17.396,1440
2008-04-25,21.129,1440
2008-04-26,15.053,1440
2008-04-27,16.804,1440
2008-04-28,10.984,1440
2008-04-29,32.877,1440
2008-04-30,18.362,1440
2008-05-01,9.6,1440
2008-05-02,24.963,1440
2008-05-03,21.493,1440
2008-05-04,24.516,1440
2008-05-05,22.782,1440
2008-05-06,29.833,1440
2008-05-07,19.604,1440
2008-05-08,35.278,1440
2008-05-09,29.121,1440
2008-05-10,31.819,1440
2008-05-11,26.849,1440
2008-05-12,25.403,1440
2008-05-13,24.615,1440
2008-05-14,26.404,1440
2008-05-15,19.379,1440
2008-05-16,27.467,1438
2008-05-17,27.624,1440
2008-05-18,30.066,1440
2008-05-19,17.171,1440
2008-05-20,26.356,1440
2008-05-21,22.069,1440
2008-05-22,16.281,1440
2008-05-23,24.749,1440
2008-05-24,26.336,1440
2008-05-25,34.142,1440
2008-05-26,21.495,1440
2008-05-27,28.478,1440
2008-05-28,18.573,1440
2008-05-29,18.918,1440
2008-05-30,23.287,1440
2008-05-31,27.358,1440
2008-06-01,30.815,1440
2008-06-02,17.9,1440
2008-06-03,26.63,1440
2008-06-04,26.482,1440
2008-06-05,18.668,1440
2008-06-06,20.295,1440
2008-06-07,31.375,1440
2008-06-08,25.705,1440
2008-06-09,22.095,1440
2008-06-10,17.785,1440
2008-06-11,18.72,1440
2008-06-12,20.989,1440
2008-06-13,31.238,1439
2008-06-14,23.082,1440
2008-06-15,38.152,1440
2008-06-16,21.717,1440
2008-06-17,19.085,1440
2008-06-18,31.56,1440
2008-06-19,26.468,1440
2008-06-20,27.935,1440
2008-06-21,28.904,1440
2008-06-22,26.107,1440
2008-06-23,20.863,1440
2008-06-24,29.241,1440
2008-06-25,21.03,1440
2008-06-26,17.6,1440
2008-06-27,29.253,1440
2008-06-28,20.147,1440
2008-06-29,12.489,1440
2008-06-30,13.403,1440
2008-07-01,20.254,1440
2008-07-02,19.12,1440
2008-07-03,18.306,1440
2008-07-04,15.7,1440
2008-07-05,24.485,1440
2008-07-06,30.084,1440
2008-07-07,16.39,1440
2008-07-08,18.77,1440
2008-07-09,15.322,1440
2008-07-10,20.855,1440
2008-07-11,20.904,1440
2008-07-12,22.148,1440
2008-07-13,20.896,1438
2008-07-14,18.965,1440
2008-07-15,19.264,1440
2008-07-16,17.951,1440
2008-07-17,21.985,1440
2008-07-18,21.026,1440
2008-07-19,22.4,1440
2008-07-20,15.692,1440
2008-07-21,19.275,1440
2008-07-22,12.337,1440
2008-07-23,15.71,1440
2008-07-24,18.224,1440
2008-07-25,14.426,1440
2008-07-26,13.595,1440
2008-07-27,19.123,1440
2008-07-28,13.763,1440
2008-07-29,19.443,1440
2008-07-30,21.665,1440
2008-07-31,23.211,1440
2008-08-01,12.326,1440
2008-08-02,8.43,1440
2008-08-03,8.413,1440
2008-08-04,18.765,1439
2008-08-05,13.785,1440
2008-08-06,5.435,1440
2008-08-07,5.581,1440
2008-08-08,5.037,1440
2008-08-09,5.982,1440
2008-08-10,5.867,1440
2008-08-11,6.199,1440
2008-08-12,4.816,1440
2008-08-13,4.71,1440
2008-08-14,4.504,1440
2008-08-15,4.561,1440
2008-08-16,4.58,1440
2008-08-17,4.58,1440
2008-08-18,4.563,1440
2008-08-19,4.578,1440
2008-08-20,4.475,1440
2008-08-21,4.355,1440
2008-08-22,4.452,1440
2008-08-23,4.244,1440
2008-08-24,4.245,1440
2008-08-25,4.172,1440
2008-08-26,4.293,1440
2008-08-27,4.302,1440
2008-08-28,4.471,1440
2008-08-29,4.46,1440
2008-08-30,4.507,1440
2008-08-31,25.01,1439
2008-09-01,20.792,1440
2008-09-02,23.069,1440
2008-09-03,23.141,1440
2008-09-04,20.42,1440
2008-09-05,14.566,1440
2008-09-06,31.143,1440
2008-09-07,22.878,1440
2008-09-08,21.822,1440
2008-09-09,19.328,1440
2008-09-10,21.679,1440
2008-09-11,17.145,1440
2008-09-12,23.213,1440
2008-09-13,27.191,1440
2008-09-14,26.272,1440
2008-09-15,28.295,1440
2008-09-16,20.364,1440
2008-09-17,25.32,1440
2008-09-18,25.088,1440
2008-09-19,25.314,1440
2008-09-20,21.743,1440
2008-09-21,25.551,1440
2008-09-22,22.643,1440
2008-09-23,20.546,1440
2008-09-24,28.639,1440
2008-09-25,18.854,1440
2008-09-26,23.858,1440
2008-09-27,35.457,1440
2008-09-28,28.852,1440
2008-09-29,25.029,1440
2008-09-30,22.917,1440
2008-10-01,31.206,1440
2008-10-02,22.422,1440
2008-10-03,26.876,1440
2008-10-04,35.008,1440
2008-10-05,25.832,1440
2008-10-06,23.73,1440
2008-10-07,28.776,1440
2008-10-08,31.01,1440
2008-10-09,33.061,1440
2008-10-10,25.306,1440
2008-10-11,27.823,1440
2008-10-12,31.799,1440
2008-10-13,24.366,1440
2008-10-14,26.818,1440
2008-10-15,35.948,1440
2008-10-16,26.395,1440
2008-10-17,31.115,1440
2008-10-18,37.32,1440
2008-10-19,32.866,1440
2008-10-20,27.793,1440
2008-10-21,34.395,1440
2008-10-22,27.434,1440
2008-10-23,30.508,1440
2008-10-24,35.554,1440
2008-10-25,25.386,1397
2008-10-26,8.725,1440
2008-10-27,8.732,1440
2008-10-28,22.122,1440
2008-10-29,26.876,1440
2008-10-30,18.31,1440
2008-10-31,21.431,1440
2008-11-01,13.842,1440
2008-11-02,15.177,1440
2008-11-03,14.127,1440
2008-11-04,26.039,1440
2008-11-05,52.249,1440
2008-11-06,26.474,1440
2008-11-07,26.986,1440
2008-11-08,28.886,1440
2008-11-09,42.976,1440
2008-11-10,34.865,1434
2008-11-11,40.932,1440
2008-11-12,36.442,1438
2008-11-13,20.641,1440
2008-11-14,27.029,1440
2008-11-15,50.527,1440
2008-11-16,39.424,1440
2008-11-17,25.394,1440
2008-11-18,29.151,1440
2008-11-19,30.671,1440
2008-11-20,28.206,1440
2008-11-21,27.899,1440
2008-11-22,28.523,1440
2008-11-23,56.755,1439
2008-11-24,53.55,1440
2008-11-25,45.048,1440
2008-11-26,25.266,1440
2008-11-27,39.37,1440
2008-11-28,31.433,1440
2008-11-29,40.578,1440
2008-11-30,40.023,1440
2008-12-01,26.942,1440
2008-12-02,29.891,1440
2008-12-03,29.253,1440
2008-12-04,28.977,1440
2008-12-05,34.31,1440
2008-12-06,42.064,1440
2008-12-07,41.112,1440
2008-12-08,31.144,1440
2008-12-09,33.386,1440
2008-12-10,35.184,1370
2008-12-11,23.875,1440
2008-12-12,30.259,1440
2008-12-13,30.426,1440
2008-12-14,33.369,1440
2008-12-15,29.924,1440
2008-12-16,29.952,1440
2008-12-17,34.98,1440
2008-12-18,28.949,1440
2008-12-19,31.369,1440
2008-12-20,37.375,1439
2008-12-21,44.06,1440
2008-12-22,33.597,1440
2008-12-23,29.968,1440
2008-12-24,21.161,1440
2008-12-25,17.685,1440
2008-12-26,20.396,1440
2008-12-27,49.536,1440
2008-12-28,26.177,1440
2008-12-29,9.255,1440
2008-12-30,19.921,1440
2008-12-31,32.736,1440
2009-01-01,23.445,1440
2009-01-02,38.792,1440
2009-01-03,31.892,1440
2009-01-04,32.333,1440
2009-01-05,26.733,1440
2009-01-06,28.164,1440
2009-01-07,34.671,1440
2009-01-08,27.221,1440
2009-01-09,29.812,1440
2009-01-10,35.049,1440
2009-01-11,32.933,1440
2009-01-12,26.488,1440
2009-01-13,36.377,1440
2009-01-14,29.605,1439
2009-01-15,26.068,1440
2009-01-16,46.109,1440
2009-01-17,55.297,1440
2009-01-18,52.57,1440
2009-01-19,28.331,1440
2009-01-20,28.967,1440
2009-01-21,28.991,1440
2009-01-22,20.623,1440
2009-01-23,31.842,1440
2009-01-24,36.68,1440
2009-01-25,47.394,1440
2009-01-26,27.908,1440
2009-01-27,23.75,1440
2009-01-28,45.362,1440
2009-01-29,26.228,1440
2009-01-30,34.317,1440
2009-01-31,55.214,1440
2009-02-01,30.124,1402
2009-02-02,26.722,1440
2009-02-03,31.14,1440
2009-02-04,41.015,1440
2009-02-05,27.485,1440
2009-02-06,34.14,1440
2009-02-07,52.192,1440
2009-02-08,36.381,1440
2009-02-09,28.444,1440
2009-02-10,32.397,1440
2009-02-11,43.99,1440
2009-02-12,32.811,1440
2009-02-13,28.167,1440
2009-02-14,38.877,1438
2009-02-15,26.434,1440
2009-02-16,21.983,1440
2009-02-17,13.028,1416
2009-02-18,13.774,1440
2009-02-19,12.288,1440
2009-02-20,31.346,1440
2009-02-21,21.936,1440
2009-02-22,37.308,1440
2009-02-23,45.561,1440
2009-02-24,29.719,1440
2009-02-25,19.497,1440
2009-02-26,19.281,1440
2009-02-27,33.815,1440
2009-02-28,27.179,1440
2009-03-01,41.127,1439
2009-03-02,24.624,1440
2009-03-03,30.816,1440
2009-03-04,30.702,1440
2009-03-05,24.03,1440
2009-03-06,29.725,1440
2009-03-07,28.274,1440
2009-03-08,39.286,1440
2009-03-09,28.093,1440
2009-03-10,30.604,1440
2009-03-11,40.098,1440
2009-03-12,31.454,1440
2009-03-13,24.092,1440
2009-03-14,35.817,1440
2009-03-15,32.368,1440
2009-03-16,22.246,1439
2009-03-17,32.199,1440
2009-03-18,24.178,1440
2009-03-19,19.859,1440
2009-03-20,24.398,1440
2009-03-21,32.167,1440
2009-03-22,28.153,1440
2009-03-23,21.608,1440
2009-03-24,27.695,1440
2009-03-25,30.646,1440
2009-03-26,20.183,1440
2009-03-27,28.565,1440
2009-03-28,37.683,1440
2009-03-29,36.944,1440
2009-03-30,24.624,1440
2009-03-31,30.391,1440
2009-04-01,27.352,1440
2009-04-02,27.406,1440
2009-04-03,22.721,1440
2009-04-04,36.521,1440
2009-04-05,22.929,1440
2009-04-06,24.211,1440
2009-04-07,24.002,1440
2009-04-08,25.577,1440
2009-04-09,31.508,1440
2009-04-10,30.702,1440
2009-04-11,41.041,1440
2009-04-12,35.684,1440
2009-04-13,26.644,1438
2009-04-14,25.026,1440
2009-04-15,20.268,1440
2009-04-16,26.075,1440
2009-04-17,34.047,1440
2009-04-18,25.204,1440
2009-04-19,21.441,1440
2009-04-20,24.775,1440
2009-04-21,31.577,1440
2009-04-22,24.937,1440
2009-04-23,19.024,1440
2009-04-24,19.901,1440
2009-04-25,33.705,1440
2009-04-26,29.694,1440
2009-04-27,22.527,1440
2009-04-28,28.44,1440
2009-04-29,27.745,1440
2009-04-30,30.579,1440
2009-05-01,25.213,1440
2009-05-02,23.232,1440
2009-05-03,26.815,1440
2009-05-04,27.798,1440
2009-05-05,28.858,1440
2009-05-06,22.498,1440
2009-05-07,16.877,1440
2009-05-08,30.953,1440
2009-05-09,21.023,1440
2009-05-10,32.776,1439
2009-05-11,25.286,1440
2009-05-12,27.099,1440
2009-05-13,20.773,1440
2009-05-14,26.783,1440
2009-05-15,23.704,1440
2009-05-16,33.456,1440
2009-05-17,25.729,1440
2009-05-18,20.165,1440
2009-05-19,26.956,1440
2009-05-20,21.786,1440
2009-05-21,26.252,1440
2009-05-22,17.913,1440
2009-05-23,25.51,1440
2009-05-24,21.463,1440
2009-05-25,22.568,1440
2009-05-26,22.295,1437
2009-05-27,25.738,1440
2009-05-28,19.662,1440
2009-05-29,20.714,1440
2009-05-30,27.652,1440
2009-05-31,15.948,1440
2009-06-01,24.054,1440
2009-06-02,18.177,1440
2009-06-03,22.61,1440
2009-06-04,17.261,1440
2009-06-05,20.506,1440
2009-06-06,24.591,1440
2009-06-07,20.123,1440
2009-06-08,19.646,1440
2009-06-09,22.214,1440
2009-06-10,26.717,1440
2009-06-11,21.678,1440
2009-06-12,18.362,1440
2009-06-13,0.237,30
2009-06-14,0.0,0
2009-06-15,12.865,985
2009-06-16,25.147,1440
2009-06-17,16.467,1440
2009-06-18,19.428,1440
2009-06-19,18.114,1440
2009-06-20,18.452,1440
2009-06-21,14.252,1440
2009-06-22,18.235,1440
2009-06-23,17.32,1440
2009-06-24,25.581,1440
2009-06-25,12.856,1440
2009-06-26,21.289,1440
2009-06-27,28.484,1440
2009-06-28,17.657,1440
2009-06-29,16.836,1440
2009-06-30,19.874,1440
2009-07-01,20.306,1440
2009-07-02,20.71,1440
2009-07-03,14.402,1440
2009-07-04,20.643,1440
2009-07-05,23.512,1440
2009-07-06,15.904,1440
2009-07-07,18.502,1440
2009-07-08,20.573,1440
2009-07-09,14.104,1440
2009-07-10,19.785,1436
2009-07-11,16.566,1440
2009-07-12,8.558,1440
2009-07-13,8.279,1440
2009-07-14,15.19,1440
2009-07-15,11.968,1440
2009-07-16,9.993,1440
2009-07-17,12.197,1440
2009-07-18,16.107,1440
2009-07-19,20.061,1440
2009-07-20,11.041,1440
2009-07-21,13.563,1440
2009-07-22,12.326,1440
2009-07-23,17.167,1440
2009-07-24,9.362,1440
2009-07-25,8.945,1440
2009-07-26,9.05,1440
2009-07-27,11.476,1440
2009-07-28,15.048,1440
2009-07-29,15.033,1440
2009-07-30,13.205,1440
2009-07-31,16.264,1440
2009-08-01,11.783,1440
2009-08-02,8.162,1440
2009-08-03,8.338,1440
2009-08-04,8.482,1440
2009-08-05,8.644,1440
2009-08-06,8.878,1440
2009-08-07,8.988,1440
2009-08-08,8.775,1440
2009-08-09,16.637,1440
2009-08-10,17.823,1440
2009-08-11,15.849,1440
2009-08-12,13.741,1440
2009-08-13,10.114,549
2009-08-14,12.478,1440
2009-08-15,25.234,1440
2009-08-16,20.295,1440
2009-08-17,13.098,1440
2009-08-18,18.01,1440
2009-08-19,14.679,1440
2009-08-20,12.929,1440
2009-08-21,19.362,1440
2009-08-22,25.812,1440
2009-08-23,17.778,1440
2009-08-24,20.871,1440
2009-08-25,15.727,1440
2009-08-26,18.942,1440
2009-08-27,12.491,1440
2009-08-28,18.647,1440
2009-08-29,23.14,1440
2009-08-30,27.806,1440
2009-08-31,21.092,1440
2009-09-01,16.342,1440
2009-09-02,20.38,1440
2009-09-03,20.853,1440
2009-09-04,17.073,1440
2009-09-05,25.231,1440
2009-09-06,20.477,1440
2009-09-07,20.358,1440
2009-09-08,18.104,1440
2009-09-09,25.356,1440
2009-09-10,18.539,1440
2009-09-11,20.236,1440
2009-09-12,34.406,1440
2009-09-13,26.172,1439
2009-09-14,26.248,1440
2009-09-15,24.28,1440
2009-09-16,29.053,1440
2009-09-17,20.39,1440
2009-09-18,22.901,1440
2009-09-19,35.595,1440
2009-09-20,33.922,1440
2009-09-21,23.631,1440
2009-09-22,20.776,1440
2009-09-23,27.277,1440
2009-09-24,23.771,1440
2009-09-25,19.35,1440
2009-09-26,25.938,1440
2009-09-27,23.508,1440
2009-09-28,21.658,1440
2009-09-29,19.107,1440
2009-09-30,29.546,1438
2009-10-01,21.454,1440
2009-10-02,19.211,1440
2009-10-03,28.612,1440
2009-10-04,27.018,1440
2009-10-05,21.259,1440
2009-10-06,23.807,1440
2009-10-07,30.364,1440
2009-10-08,26.286,1440
2009-10-09,22.531,1440
2009-10-10,33.546,1440
2009-10-11,32.305,1439
2009-10-12,22.527,1440
2009-10-13,24.152,1440
2009-10-14,28.52,1440
2009-10-15,24.833,1440
2009-10-16,25.281,1440
2009-10-17,45.701,1440
2009-10-18,25.936,1440
2009-10-19,22.818,1440
2009-10-20,28.713,1440
2009-10-21,32.825,1440
2009-10-22,23.328,1440
2009-10-23,29.291,1440
2009-10-24,43.573,1440
2009-10-25,40.109,1440
2009-10-26,18.539,1440
2009-10-27,18.613,1440
2009-10-28,21.145,1440
2009-10-29,33.024,1440
2009-10-30,24.889,1440
2009-10-31,31.266,1440
2009-11-01,30.719,1440
2009-11-02,25.07,1440
2009-11-03,37.778,1440
2009-11-04,30.03,1440
2009-11-05,26.008,1440
2009-11-06,23.174,1440
2009-11-07,25.953,1440
2009-11-08,41.8,1440
2009-11-09,23.413,1439
2009-11-10,26.77,1440
2009-11-11,34.008,1440
2009-11-12,24.384,1440
2009-11-13,25.549,1440
2009-11-14,42.674,1440
2009-11-15,32.788,1440
2009-11-16,25.241,1440
2009-11-17,28.472,1440
2009-11-18,43.986,1440
2009-11-19,24.581,1440
2009-11-20,32.684,1440
2009-11-21,41.614,1440
2009-11-22,40.85,1440
2009-11-23,24.519,1440
2009-11-24,35.481,1440
2009-11-25,33.002,1440
2009-11-26,26.66,1440
2009-11-27,23.0,1440
2009-11-28,30.982,1440
2009-11-29,27.516,1440
2009-11-30,29.086,1440
2009-12-01,29.273,1440
2009-12-02,39.094,1440
2009-12-03,24.661,1440
2009-12-04,28.522,1440
2009-12-05,39.196,1440
2009-12-06,39.638,1440
2009-12-07,29.044,1440
2009-12-08,33.448,1440
2009-12-09,30.039,1440
2009-12-10,34.238,1438
2009-12-11,29.741,1440
2009-12-12,30.273,1440
2009-12-13,35.647,1440
2009-12-14,29.914,1440
2009-12-15,32.335,1440
2009-12-16,23.248,1440
2009-12-17,28.62,1440
2009-12-18,29.078,1440
2009-12-19,36.739,1440
2009-12-20,19.069,1440
2009-12-21,33.916,1440
2009-12-22,31.467,1440
2009-12-23,24.253,1440
2009-12-24,48.432,1440
2009-12-25,35.461,1440
2009-12-26,36.394,1440
2009-12-27,36.591,1440
2009-12-28,34.902,1440
2009-12-29,34.133,1440
2009-12-30,40.852,1440
2009-12-31,36.865,1440
2010-01-01,20.404,1440
2010-01-02,21.814,1439
2010-01-03,34.724,1440
2010-01-04,26.736,1440
2010-01-05,36.996,1440
2010-01-06,29.62,1440
2010-01-07,29.491,1440
2010-01-08,29.953,1440
2010-01-09,38.948,1440
2010-01-10,41.808,1440
2010-01-11,25.311,1440
2010-01-12,21.376,893
2010-01-13,0.0,0
2010-01-14,10.308,298
2010-01-15,36.613,1440
2010-01-16,35.835,1440
2010-01-17,31.776,1440
2010-01-18,31.352,1440
2010-01-19,40.558,1440
2010-01-20,39.195,1440
2010-01-21,35.631,1440
2010-01-22,29.844,1440
2010-01-23,43.475,1439
2010-01-24,37.824,1440
2010-01-25,32.175,1440
2010-01-26,34.459,1440
2010-01-27,46.015,1440
2010-01-28,35.171,1440
2010-01-29,34.883,1440
2010-01-30,47.379,1440
2010-01-31,29.987,1440
2010-02-01,28.23,1440
2010-02-02,35.957,1440
2010-02-03,48.384,1440
2010-02-04,38.604,1440
2010-02-05,34.982,1440
2010-02-06,45.216,1440
2010-02-07,27.095,1440
2010-02-08,43.037,1440
2010-02-09,40.349,1440
2010-02-10,32.409,1439
2010-02-11,22.829,1440
2010-02-12,31.55,1440
2010-02-13,39.193,1440
2010-02-14,28.112,1439
2010-02-15,34.952,1440
2010-02-16,29.963,1440
2010-02-17,34.243,1440
2010-02-18,29.353,1440
2010-02-19,32.56,1440
2010-02-20,33.062,1440
2010-02-21,45.672,1440
2010-02-22,24.567,1440
2010-02-23,24.355,1440
2010-02-24,31.905,1440
2010-02-25,31.337,1440
2010-02-26,35.336,1440
2010-02-27,29.418,1440
2010-02-28,11.861,1440
2010-03-01,21.645,1440
2010-03-02,12.782,1440
2010-03-03,15.597,1440
2010-03-04,11.381,1440
2010-03-05,18.895,1440
2010-03-06,13.245,1440
2010-03-07,22.875,1440
2010-03-08,42.618,1440
2010-03-09,29.335,1440
2010-03-10,30.377,1440
2010-03-11,32.518,1440
2010-03-12,27.424,1440
2010-03-13,39.717,1440
2010-03-14,26.112,1440
2010-03-15,29.864,1440
2010-03-16,25.711,1440
2010-03-17,33.486,1440
2010-03-18,26.045,1440
2010-03-19,27.723,1440
2010-03-20,2.196,232
2010-03-21,15.288,621
2010-03-22,26.976,1440
2010-03-23,30.369,1440
2010-03-24,33.246,1440
2010-03-25,27.998,1440
2010-03-26,27.521,1440
2010-03-27,30.8,1440
2010-03-28,29.97,1440
2010-03-29,27.046,1440
2010-03-30,31.774,1440
2010-03-31,32.063,1440
2010-04-01,28.124,1440
2010-04-02,27.477,1440
2010-04-03,30.088,1440
2010-04-04,28.173,1440
2010-04-05,18.647,1440
2010-04-06,30.431,1440
2010-04-07,26.616,1440
2010-04-08,27.487,1440
2010-04-09,20.556,1440
2010-04-10,19.837,1440
2010-04-11,26.714,1439
2010-04-12,23.99,1440
2010-04-13,25.212,1440
2010-04-14,27.673,1440
2010-04-15,31.203,1440
2010-04-16,26.034,1440
2010-04-17,25.962,1440
2010-04-18,24.602,1440
2010-04-19,28.477,1440
2010-04-20,30.56,1440
2010-04-21,26.332,1440
2010-04-22,24.348,1440
2010-04-23,19.676,1440
2010-04-24,25.307,1440
2010-04-25,25.712,1440
2010-04-26,18.045,1440
2010-04-27,20.849,1440
2010-04-28,14.464,1440
2010-04-29,18.395,1440
2010-04-30,18.644,1440
2010-05-01,22.003,1440
2010-05-02,36.465,1440
2010-05-03,23.522,1440
2010-05-04,25.283,1440
2010-05-05,30.088,1440
2010-05-06,21.654,1440
2010-05-07,27.4,1440
2010-05-08,25.557,1440
2010-05-09,26.108,1440
2010-05-10,24.465,1440
2010-05-11,26.189,1440
2010-05-12,33.924,1440
2010-05-13,25.875,1439
2010-05-14,28.702,1440
2010-05-15,32.413,1440
2010-05-16,35.007,1440
2010-05-17,27.136,1440
2010-05-18,23.686,1440
2010-05-19,23.779,1440
2010-05-20,19.232,1440
2010-05-21,21.573,1440
2010-05-22,34.93,1440
2010-05-23,24.793,1440
2010-05-24,22.356,1440
2010-05-25,19.977,1440
2010-05-26,23.131,1440
2010-05-27,22.056,1440
2010-05-28,23.303,1440
2010-05-29,34.163,1440
2010-05-30,27.762,1440
2010-05-31,22.341,1440
2010-06-01,21.149,1440
2010-06-02,16.348,1440
2010-06-03,23.236,1440
2010-06-04,23.676,1440
2010-06-05,33.494,1440
2010-06-06,29.113,1440
2010-06-07,16.868,1440
2010-06-08,22.701,1440
2010-06-09,25.578,1440
2010-06-10,20.253,1440
2010-06-11,24.511,1440
2010-06-12,32.885,1439
2010-06-13,27.906,1440
2010-06-14,20.3,1440
2010-06-15,20.399,1440
2010-06-16,29.468,1440
2010-06-17,17.134,1440
2010-06-18,22.205,1440
2010-06-19,23.604,1440
2010-06-20,27.876,1440
2010-06-21,27.682,1440
2010-06-22,25.343,1440
2010-06-23,24.034,1440
2010-06-24,18.263,1440
2010-06-25,18.324,1440
2010-06-26,16.36,1440
2010-06-27,18.999,1440
2010-06-28,24.522,1440
2010-06-29,22.788,1439
2010-06-30,23.069,1440
2010-07-01,22.483,1440
2010-07-02,19.015,1440
2010-07-03,18.668,1440
2010-07-04,25.635,1440
2010-07-05,18.566,1440
2010-07-06,16.766,1440
2010-07-07,13.913,1440
2010-07-08,20.211,1440
2010-07-09,18.058,1440
2010-07-10,19.242,1440
2010-07-11,19.893,1440
2010-07-12,18.493,1440
2010-07-13,23.035,1440
2010-07-14,23.491,1440
2010-07-15,27.219,1439
2010-07-16,13.668,1440
2010-07-17,13.439,1440
2010-07-18,13.534,1440
2010-07-19,13.353,1440
2010-07-20,14.264,1440
2010-07-21,17.736,1440
2010-07-22,19.407,1440
2010-07-23,19.603,1440
2010-07-24,15.361,1440
2010-07-25,18.84,1440
2010-07-26,14.736,1440
2010-07-27,15.873,1440
2010-07-28,14.378,1440
2010-07-29,9.152,1440
2010-07-30,9.188,1440
2010-07-31,9.244,1440
2010-08-01,9.261,1440
2010-08-02,9.158,1440
2010-08-03,10.254,1440
2010-08-04,9.056,1440
2010-08-05,8.891,1440
2010-08-06,8.746,1440
2010-08-07,8.791,1440
2010-08-08,8.808,1440
2010-08-09,8.918,1440
2010-08-10,9.079,1440
2010-08-11,9.033,1440
2010-08-12,8.828,1440
2010-08-13,8.905,1440
2010-08-14,9.238,1440
2010-08-15,17.6,1440
2010-08-16,18.829,1440
2010-08-17,16.303,1262
2010-08-18,0.0,0
2010-08-19,0.0,0
2010-08-20,0.0,0
2010-08-21,0.0,0
2010-08-22,1.556,152
2010-08-23,12.761,1440
2010-08-24,12.049,1440
2010-08-25,16.34,1440
2010-08-26,12.621,1440
2010-08-27,33.844,1440
2010-08-28,24.048,1440
2010-08-29,27.808,1440
2010-08-30,24.913,1440
2010-08-31,22.752,1440
2010-09-01,26.555,1440
2010-09-02,23.208,1440
2010-09-03,22.44,1440
2010-09-04,29.064,1440
2010-09-05,22.05,1440
2010-09-06,23.715,1440
2010-09-07,24.198,1440
2010-09-08,21.73,1440
2010-09-09,20.645,1440
2010-09-10,22.135,1440
2010-09-11,24.388,1440
2010-09-12,26.868,1440
2010-09-13,17.939,1440
2010-09-14,23.845,1440
2010-09-15,16.435,1440
2010-09-16,22.329,1440
2010-09-17,24.96,1440
2010-09-18,20.799,1440
2010-09-19,15.327,1440
2010-09-20,28.047,1440
2010-09-21,18.523,1440
2010-09-22,25.173,1440
2010-09-23,24.164,1440
2010-09-24,22.133,1440
2010-09-25,1.767,236
2010-09-26,0.0,0
2010-09-27,0.0,0
2010-09-28,7.84,287
2010-09-29,28.074,1440
2010-09-30,20.805,1440
2010-10-01,25.08,1440
2010-10-02,32.054,1440
2010-10-03,30.511,1440
2010-10-04,29.599,1440
2010-10-05,30.91,1440
2010-10-06,21.924,1440
2010-10-07,30.166,1440
2010-10-08,25.174,1440
2010-10-09,26.863,1440
2010-10-10,33.315,1440
2010-10-11,27.043,1440
2010-10-12,26.328,1440
2010-10-13,34.565,1440
2010-10-14,35.585,1440
2010-10-15,26.605,1440
2010-10-16,16.667,1440
2010-10-17,17.456,1440
2010-10-18,45.231,1440
2010-10-19,32.1,1440
2010-10-20,28.799,1440
2010-10-21,22.587,1440
2010-10-22,27.815,1440
2010-10-23,38.221,1440
2010-10-24,39.842,1439
2010-10-25,19.388,1440
2010-10-26,15.765,1440
2010-10-27,21.005,1440
2010-10-28,24.389,1440
2010-10-29,20.074,1440
2010-10-30,35.878,1440
2010-10-31,24.607,1440
2010-11-01,23.053,1440
2010-11-02,19.851,1440
2010-11-03,21.555,1440
2010-11-04,42.586,1440
2010-11-05,28.935,1440
2010-11-06,30.09,1440
2010-11-07,27.897,1440
2010-11-08,30.426,1440
2010-11-09,33.702,1440
2010-11-10,32.442,1440
2010-11-11,29.56,1440
2010-11-12,30.614,1440
2010-11-13,33.72,1440
2010-11-14,33.973,1440
2010-11-15,29.123,1440
2010-11-16,25.162,1440
2010-11-17,26.367,1440
2010-11-18,27.536,1440
2010-11-19,26.173,1440
2010-11-20,36.617,1440
2010-11-21,15.015,1440
2010-11-22,34.026,1440
2010-11-23,26.292,1440
2010-11-24,29.937,1440
2010-11-25,23.853,1440
2010-11-26,24.802,1263
